{"v":"4.11.0","fr":29.9700012207031,"ip":0,"op":57.0000023216576,"w":1024,"h":1024,"nm":"wallet-icon","ddd":0,"assets":[],"layers":[{"ddd":0,"ind":1,"ty":4,"nm":"wallet stars","sr":1,"ks":{"o":{"a":0,"k":100,"ix":11},"r":{"a":0,"k":0,"ix":10},"p":{"a":0,"k":[526,294.637,0],"ix":2},"a":{"a":0,"k":[268.807,60.998,0],"ix":1},"s":{"a":0,"k":[100,100,100],"ix":6}},"ao":0,"shapes":[{"ty":"gr","it":[{"ind":0,"ty":"sh","ix":1,"ks":{"a":0,"k":{"i":[[0,-4.801],[4.8,0],[0,4.801],[-4.802,0]],"o":[[0,4.801],[-4.802,0],[0,-4.801],[4.8,0]],"v":[[8.694,0],[0,8.693],[-8.694,0],[0,-8.693]],"c":true},"ix":2},"nm":"Path 1","mn":"ADBE Vector Shape - Group","hd":false},{"ty":"fl","c":{"a":0,"k":[0.898000021542,0.894000004787,0.905999995213,1],"ix":4},"o":{"a":0,"k":100,"ix":5},"r":1,"nm":"Fill 1","mn":"ADBE Vector Graphic - Fill","hd":false},{"ty":"tr","p":{"a":0,"k":[528.67,98.194],"ix":2},"a":{"a":0,"k":[0,0],"ix":1},"s":{"a":0,"k":[100,100],"ix":3},"r":{"a":0,"k":0,"ix":6},"o":{"a":0,"k":100,"ix":7},"sk":{"a":0,"k":0,"ix":4},"sa":{"a":0,"k":0,"ix":5},"nm":"Transform"}],"nm":"Group 1","np":2,"cix":2,"ix":1,"mn":"ADBE Vector Group","hd":false},{"ty":"gr","it":[{"ind":0,"ty":"sh","ix":1,"ks":{"a":0,"k":{"i":[[0,-6.79],[6.79,0],[0,6.79],[-6.79,0]],"o":[[0,6.79],[-6.79,0],[0,-6.79],[6.79,0]],"v":[[12.295,0],[0.001,12.294],[-12.295,0],[0.001,-12.294]],"c":true},"ix":2},"nm":"Path 1","mn":"ADBE Vector Shape - Group","hd":false},{"ty":"fl","c":{"a":0,"k":[0.898000021542,0.894000004787,0.905999995213,1],"ix":4},"o":{"a":0,"k":100,"ix":5},"r":1,"nm":"Fill 1","mn":"ADBE Vector Graphic - Fill","hd":false},{"ty":"tr","p":{"a":0,"k":[249.324,12.544],"ix":2},"a":{"a":0,"k":[0,0],"ix":1},"s":{"a":0,"k":[100,100],"ix":3},"r":{"a":0,"k":0,"ix":6},"o":{"a":0,"k":100,"ix":7},"sk":{"a":0,"k":0,"ix":4},"sa":{"a":0,"k":0,"ix":5},"nm":"Transform"}],"nm":"Group 2","np":2,"cix":2,"ix":2,"mn":"ADBE Vector Group","hd":false},{"ty":"gr","it":[{"ind":0,"ty":"sh","ix":1,"ks":{"a":0,"k":{"i":[[3.249,1.668],[0,0],[0,0],[1.58,0],[0.791,-1.493],[0,0],[0,0],[-3.249,-1.669],[0,0],[0,0],[-1.58,0],[-0.79,1.581],[0,0],[0,0]],"o":[[0,0],[0,0],[-0.791,-1.493],[-1.58,0],[0,0],[0,0],[-3.249,1.668],[0,0],[0,0],[0.791,1.581],[1.58,0],[0,0],[0,0],[3.249,-1.669]],"v":[[19.493,-4.039],[9.133,-9.22],[3.951,-19.582],[0,-21.865],[-3.952,-19.582],[-9.132,-9.22],[-19.493,-4.039],[-19.493,3.864],[-9.132,9.044],[-3.952,19.406],[0,21.865],[3.951,19.406],[9.133,9.044],[19.493,3.864]],"c":true},"ix":2},"nm":"Path 1","mn":"ADBE Vector Shape - Group","hd":false},{"ty":"fl","c":{"a":0,"k":[0.898000021542,0.894000004787,0.905999995213,1],"ix":4},"o":{"a":0,"k":100,"ix":5},"r":1,"nm":"Fill 1","mn":"ADBE Vector Graphic - Fill","hd":false},{"ty":"tr","p":{"a":0,"k":[506.74,37.392],"ix":2},"a":{"a":0,"k":[0,0],"ix":1},"s":{"a":0,"k":[100,100],"ix":3},"r":{"a":0,"k":0,"ix":6},"o":{"a":0,"k":100,"ix":7},"sk":{"a":0,"k":0,"ix":4},"sa":{"a":0,"k":0,"ix":5},"nm":"Transform"}],"nm":"Group 3","np":2,"cix":2,"ix":3,"mn":"ADBE Vector Group","hd":false},{"ty":"gr","it":[{"ind":0,"ty":"sh","ix":1,"ks":{"a":0,"k":{"i":[[5.112,2.625],[0,0],[0,0],[2.486,0],[1.244,-2.348],[0,0],[0,0],[-5.112,-2.624],[0,0],[0,0],[-2.486,0],[-1.243,2.487],[0,0],[0,0]],"o":[[0,0],[0,0],[-1.244,-2.348],[-2.486,0],[0,0],[0,0],[-5.112,2.625],[0,0],[0,0],[1.244,2.487],[2.486,0],[0,0],[0,0],[5.112,-2.624]],"v":[[30.669,-6.355],[14.367,-14.506],[6.217,-30.808],[0,-34.4],[-6.217,-30.808],[-14.367,-14.506],[-30.669,-6.355],[-30.669,6.079],[-14.367,14.229],[-6.217,30.531],[0,34.4],[6.217,30.531],[14.367,14.229],[30.669,6.079]],"c":true},"ix":2},"nm":"Path 1","mn":"ADBE Vector Shape - Group","hd":false},{"ty":"fl","c":{"a":0,"k":[0.898000021542,0.894000004787,0.905999995213,1],"ix":4},"o":{"a":0,"k":100,"ix":5},"r":1,"nm":"Fill 1","mn":"ADBE Vector Graphic - Fill","hd":false},{"ty":"tr","p":{"a":0,"k":[36.031,87.346],"ix":2},"a":{"a":0,"k":[0,0],"ix":1},"s":{"a":0,"k":[100,100],"ix":3},"r":{"a":0,"k":0,"ix":6},"o":{"a":0,"k":100,"ix":7},"sk":{"a":0,"k":0,"ix":4},"sa":{"a":0,"k":0,"ix":5},"nm":"Transform"}],"nm":"Group 4","np":2,"cix":2,"ix":4,"mn":"ADBE Vector Group","hd":false}],"ip":0,"op":211.000008594206,"st":0,"bm":0},{"ddd":0,"ind":2,"ty":4,"nm":"wallet Outlines","sr":1,"ks":{"o":{"a":0,"k":100,"ix":11},"r":{"a":0,"k":0,"ix":10},"p":{"a":1,"k":[{"i":{"x":0.667,"y":1},"o":{"x":0.333,"y":0},"n":"0p667_1_0p333_0","t":0,"s":[540.403,470.721,0],"e":[540.403,453.721,0],"to":[0,-2.83333325386047,0],"ti":[0,0,0]},{"i":{"x":0.667,"y":1},"o":{"x":0.333,"y":0},"n":"0p667_1_0p333_0","t":25,"s":[540.403,453.721,0],"e":[540.403,470.721,0],"to":[0,0,0],"ti":[0,-2.83333325386047,0]},{"t":50.0000020365418}],"ix":2},"a":{"a":0,"k":[231.053,188.467,0],"ix":1},"s":{"a":0,"k":[100,100,100],"ix":6}},"ao":0,"shapes":[{"ty":"gr","it":[{"ind":0,"ty":"sh","ix":1,"ks":{"a":0,"k":{"i":[[0,-8.45],[8.45,0],[0,8.45],[-8.45,0]],"o":[[0,8.45],[-8.45,0],[0,-8.45],[8.45,0]],"v":[[15.301,-0.001],[0,15.301],[-15.301,-0.001],[0,-15.301]],"c":true},"ix":2},"nm":"Path 1","mn":"ADBE Vector Shape - Group","hd":false},{"ty":"fl","c":{"a":0,"k":[0.913725490196,0.392156862745,0.56862745098,1],"ix":4},"o":{"a":0,"k":100,"ix":5},"r":1,"nm":"Fill 1","mn":"ADBE Vector Graphic - Fill","hd":false},{"ty":"tr","p":{"a":0,"k":[288.755,189.333],"ix":2},"a":{"a":0,"k":[0,0],"ix":1},"s":{"a":0,"k":[100,100],"ix":3},"r":{"a":0,"k":0,"ix":6},"o":{"a":0,"k":100,"ix":7},"sk":{"a":0,"k":0,"ix":4},"sa":{"a":0,"k":0,"ix":5},"nm":"Transform"}],"nm":"Group 1","np":2,"cix":2,"ix":1,"mn":"ADBE Vector Group","hd":false},{"ty":"gr","it":[{"ind":0,"ty":"sh","ix":1,"ks":{"a":0,"k":{"i":[[21.98,0],[0,0],[0,21.981],[0,0],[-21.981,0],[0,0],[0,-21.98],[0,0],[0,0],[0,-24.727],[0,0],[-24.733,0],[0,0],[0,0]],"o":[[0,0],[-21.981,0],[0,0],[0,-21.98],[0,0],[21.98,0],[0,0],[0,0],[-24.733,0],[0,0],[0,24.734],[0,0],[0,0],[0,21.981]],"v":[[140.244,160.738],[-162.006,160.738],[-203.216,119.521],[-203.216,-119.522],[-162.006,-160.741],[140.244,-160.741],[181.452,-119.522],[181.452,-67.316],[44.076,-67.316],[-2.639,-20.609],[-2.639,23.353],[44.076,70.068],[181.452,70.068],[181.452,119.521]],"c":true},"ix":2},"nm":"Path 1","mn":"ADBE Vector Shape - Group","hd":false},{"ind":1,"ty":"sh","ix":2,"ks":{"a":0,"k":{"i":[[0,0],[10.986,0],[0,0],[0,10.994],[0,0],[-10.994,0],[0,0],[0,-10.995]],"o":[[0,10.994],[0,0],[-10.994,0],[0,0],[0,-10.987],[0,0],[10.986,0],[0,0]],"v":[[203.442,23.353],[184.206,42.59],[44.076,42.59],[24.84,23.353],[24.84,-20.609],[44.076,-39.847],[184.206,-39.847],[203.442,-20.609]],"c":true},"ix":2},"nm":"Path 2","mn":"ADBE Vector Shape - Group","hd":false},{"ind":2,"ty":"sh","ix":3,"ks":{"a":0,"k":{"i":[[12.945,8.543],[0,0],[38.465,0],[0,0],[0,-38.473],[0,0],[-38.466,0],[0,0],[0,38.473],[0,0],[0,15.806],[0,0]],"o":[[0,0],[0,-38.465],[0,0],[-38.466,0],[0,0],[0,38.473],[0,0],[38.465,0],[0,0],[12.945,-8.55],[0,0],[0,-15.829]],"v":[[208.932,-59.569],[208.932,-119.53],[140.244,-188.217],[-162.006,-188.217],[-230.694,-119.522],[-230.694,119.521],[-162.006,188.217],[140.244,188.217],[208.932,119.521],[208.932,62.319],[230.913,23.353],[230.913,-20.609]],"c":true},"ix":2},"nm":"Path 3","mn":"ADBE Vector Shape - Group","hd":false},{"ty":"mm","mm":1,"nm":"Merge Paths 1","mn":"ADBE Vector Filter - Merge","hd":false},{"ty":"mm","mm":4,"nm":"Merge Paths 2","mn":"ADBE Vector Filter - Merge","hd":false},{"ty":"fl","c":{"a":0,"k":[0.423999980852,0.426999978458,0.426999978458,1],"ix":4},"o":{"a":0,"k":100,"ix":5},"r":1,"nm":"Fill 1","mn":"ADBE Vector Graphic - Fill","hd":false},{"ty":"tr","p":{"a":0,"k":[230.944,188.467],"ix":2},"a":{"a":0,"k":[0,0],"ix":1},"s":{"a":0,"k":[100,100],"ix":3},"r":{"a":0,"k":0,"ix":6},"o":{"a":0,"k":100,"ix":7},"sk":{"a":0,"k":0,"ix":4},"sa":{"a":0,"k":0,"ix":5},"nm":"Transform"}],"nm":"Group 2","np":6,"cix":2,"ix":2,"mn":"ADBE Vector Group","hd":false},{"ty":"gr","it":[{"ind":0,"ty":"sh","ix":1,"ks":{"a":0,"k":{"i":[[6.6,0],[0,0],[0,6.6],[0,0],[-6.6,0],[0,0],[0,-6.6],[0,0]],"o":[[0,0],[-6.6,0],[0,0],[0,-6.6],[0,0],[6.6,0],[0,0],[0,6.6]],"v":[[85.033,50.97],[-85.033,50.97],[-97.033,38.971],[-97.033,-38.97],[-85.033,-50.97],[85.033,-50.97],[97.033,-38.97],[97.033,38.971]],"c":true},"ix":2},"nm":"Path 1","mn":"ADBE Vector Shape - Group","hd":false},{"ty":"fl","c":{"a":0,"k":[0.898000021542,0.894000004787,0.905999995213,1],"ix":4},"o":{"a":0,"k":100,"ix":5},"r":1,"nm":"Fill 1","mn":"ADBE Vector Graphic - Fill","hd":false},{"ty":"tr","p":{"a":0,"k":[343.513,189.333],"ix":2},"a":{"a":0,"k":[0,0],"ix":1},"s":{"a":0,"k":[100,100],"ix":3},"r":{"a":0,"k":0,"ix":6},"o":{"a":0,"k":100,"ix":7},"sk":{"a":0,"k":0,"ix":4},"sa":{"a":0,"k":0,"ix":5},"nm":"Transform"}],"nm":"Group 3","np":2,"cix":2,"ix":3,"mn":"ADBE Vector Group","hd":false},{"ty":"gr","it":[{"ind":0,"ty":"sh","ix":1,"ks":{"a":0,"k":{"i":[[0,0],[0,0],[0,0],[0,0]],"o":[[0,0],[0,0],[0,0],[0,0]],"v":[[198.24,-165.93],[-198.24,-165.93],[-198.24,165.931],[198.24,165.931]],"c":true},"ix":2},"nm":"Path 1","mn":"ADBE Vector Shape - Group","hd":false},{"ty":"fl","c":{"a":0,"k":[1,1,1,1],"ix":4},"o":{"a":0,"k":100,"ix":5},"r":1,"nm":"Fill 1","mn":"ADBE Vector Graphic - Fill","hd":false},{"ty":"tr","p":{"a":0,"k":[220.306,188.736],"ix":2},"a":{"a":0,"k":[0,0],"ix":1},"s":{"a":0,"k":[100,100],"ix":3},"r":{"a":0,"k":0,"ix":6},"o":{"a":0,"k":100,"ix":7},"sk":{"a":0,"k":0,"ix":4},"sa":{"a":0,"k":0,"ix":5},"nm":"Transform"}],"nm":"Group 4","np":2,"cix":2,"ix":4,"mn":"ADBE Vector Group","hd":false}],"ip":0,"op":211.000008594206,"st":0,"bm":0},{"ddd":0,"ind":3,"ty":4,"nm":"wallet shadow","sr":1,"ks":{"o":{"a":0,"k":100,"ix":11},"r":{"a":0,"k":0,"ix":10},"p":{"a":0,"k":[529.654,725.981,0],"ix":2},"a":{"a":0,"k":[165.225,19.705,0],"ix":1},"s":{"a":1,"k":[{"i":{"x":[0.667,0.667,0.667],"y":[1,1,1]},"o":{"x":[0.333,0.333,0.333],"y":[0,0,0]},"n":["0p667_1_0p333_0","0p667_1_0p333_0","0p667_1_0p333_0"],"t":0,"s":[100,100,100],"e":[96,96,100]},{"i":{"x":[0.667,0.667,0.667],"y":[1,1,1]},"o":{"x":[0.333,0.333,0.333],"y":[0,0,0]},"n":["0p667_1_0p333_0","0p667_1_0p333_0","0p667_1_0p333_0"],"t":25,"s":[96,96,100],"e":[100,100,100]},{"t":50.0000020365418}],"ix":6}},"ao":0,"shapes":[{"ty":"gr","it":[{"ind":0,"ty":"sh","ix":1,"ks":{"a":0,"k":{"i":[[0,-10.745],[91.114,0],[0,10.745],[-91.112,0]],"o":[[0,10.745],[-91.112,0],[0,-10.745],[91.114,0]],"v":[[164.975,0],[-0.001,19.456],[-164.975,0],[-0.001,-19.456]],"c":true},"ix":2},"nm":"Path 1","mn":"ADBE Vector Shape - Group","hd":false},{"ty":"fl","c":{"a":0,"k":[0.898000021542,0.894000004787,0.905999995213,1],"ix":4},"o":{"a":0,"k":100,"ix":5},"r":1,"nm":"Fill 1","mn":"ADBE Vector Graphic - Fill","hd":false},{"ty":"tr","p":{"a":0,"k":[165.225,19.706],"ix":2},"a":{"a":0,"k":[0,0],"ix":1},"s":{"a":0,"k":[100,100],"ix":3},"r":{"a":0,"k":0,"ix":6},"o":{"a":0,"k":100,"ix":7},"sk":{"a":0,"k":0,"ix":4},"sa":{"a":0,"k":0,"ix":5},"nm":"Transform"}],"nm":"Group 1","np":2,"cix":2,"ix":1,"mn":"ADBE Vector Group","hd":false}],"ip":0,"op":211.000008594206,"st":0,"bm":0}]}